filepath,label
train/no_pesticide/apple_no_pesticide_00.jpg,no_pesticide
train/no_pesticide/apple_no_pesticide_01.jpg,no_pesticide
train/no_pesticide/apple_no_pesticide_02.jpg,no_pesticide
train/no_pesticide/apple_no_pesticide_03.jpg,no_pesticide
train/no_pesticide/apple_no_pesticide_04.jpg,no_pesticide
train/no_pesticide/apple_no_pesticide_05.jpg,no_pesticide
train/no_pesticide/apple_no_pesticide_06.jpg,no_pesticide
train/no_pesticide/apple_no_pesticide_07.jpg,no_pesticide
train/no_pesticide/apple_no_pesticide_08.jpg,no_pesticide
train/no_pesticide/apple_no_pesticide_09.jpg,no_pesticide
train/no_pesticide/apple_no_pesticide_10.jpg,no_pesticide
train/no_pesticide/apple_no_pesticide_11.jpg,no_pesticide
train/no_pesticide/apple_no_pesticide_12.jpg,no_pesticide
train/no_pesticide/apple_no_pesticide_13.jpg,no_pesticide
train/no_pesticide/apple_no_pesticide_14.jpg,no_pesticide
train/no_pesticide/apple_no_pesticide_15.jpg,no_pesticide
train/no_pesticide/apple_no_pesticide_16.jpg,no_pesticide
train/no_pesticide/apple_no_pesticide_17.jpg,no_pesticide
train/no_pesticide/apple_no_pesticide_18.jpg,no_pesticide
train/no_pesticide/apple_no_pesticide_19.jpg,no_pesticide
train/low_residue/apple_low_residue_00.jpg,low_residue
train/low_residue/apple_low_residue_01.jpg,low_residue
train/low_residue/apple_low_residue_02.jpg,low_residue
train/low_residue/apple_low_residue_03.jpg,low_residue
train/low_residue/apple_low_residue_04.jpg,low_residue
train/low_residue/apple_low_residue_05.jpg,low_residue
train/low_residue/apple_low_residue_06.jpg,low_residue
train/low_residue/apple_low_residue_07.jpg,low_residue
train/low_residue/apple_low_residue_08.jpg,low_residue
train/low_residue/apple_low_residue_09.jpg,low_residue
train/low_residue/apple_low_residue_10.jpg,low_residue
train/low_residue/apple_low_residue_11.jpg,low_residue
train/low_residue/apple_low_residue_12.jpg,low_residue
train/low_residue/apple_low_residue_13.jpg,low_residue
train/low_residue/apple_low_residue_14.jpg,low_residue
train/low_residue/apple_low_residue_15.jpg,low_residue
train/low_residue/apple_low_residue_16.jpg,low_residue
train/low_residue/apple_low_residue_17.jpg,low_residue
train/low_residue/apple_low_residue_18.jpg,low_residue
train/low_residue/apple_low_residue_19.jpg,low_residue
train/medium_residue/apple_medium_residue_00.jpg,medium_residue
train/medium_residue/apple_medium_residue_01.jpg,medium_residue
train/medium_residue/apple_medium_residue_02.jpg,medium_residue
train/medium_residue/apple_medium_residue_03.jpg,medium_residue
train/medium_residue/apple_medium_residue_04.jpg,medium_residue
train/medium_residue/apple_medium_residue_05.jpg,medium_residue
train/medium_residue/apple_medium_residue_06.jpg,medium_residue
train/medium_residue/apple_medium_residue_07.jpg,medium_residue
train/medium_residue/apple_medium_residue_08.jpg,medium_residue
train/medium_residue/apple_medium_residue_09.jpg,medium_residue
train/medium_residue/apple_medium_residue_10.jpg,medium_residue
train/medium_residue/apple_medium_residue_11.jpg,medium_residue
train/medium_residue/apple_medium_residue_12.jpg,medium_residue
train/medium_residue/apple_medium_residue_13.jpg,medium_residue
train/medium_residue/apple_medium_residue_14.jpg,medium_residue
train/medium_residue/apple_medium_residue_15.jpg,medium_residue
train/medium_residue/apple_medium_residue_16.jpg,medium_residue
train/medium_residue/apple_medium_residue_17.jpg,medium_residue
train/medium_residue/apple_medium_residue_18.jpg,medium_residue
train/medium_residue/apple_medium_residue_19.jpg,medium_residue
train/high_residue/apple_high_residue_00.jpg,high_residue
train/high_residue/apple_high_residue_01.jpg,high_residue
train/high_residue/apple_high_residue_02.jpg,high_residue
train/high_residue/apple_high_residue_03.jpg,high_residue
train/high_residue/apple_high_residue_04.jpg,high_residue
train/high_residue/apple_high_residue_05.jpg,high_residue
train/high_residue/apple_high_residue_06.jpg,high_residue
train/high_residue/apple_high_residue_07.jpg,high_residue
train/high_residue/apple_high_residue_08.jpg,high_residue
train/high_residue/apple_high_residue_09.jpg,high_residue
train/high_residue/apple_high_residue_10.jpg,high_residue
train/high_residue/apple_high_residue_11.jpg,high_residue
train/high_residue/apple_high_residue_12.jpg,high_residue
train/high_residue/apple_high_residue_13.jpg,high_residue
train/high_residue/apple_high_residue_14.jpg,high_residue
train/high_residue/apple_high_residue_15.jpg,high_residue
train/high_residue/apple_high_residue_16.jpg,high_residue
train/high_residue/apple_high_residue_17.jpg,high_residue
train/high_residue/apple_high_residue_18.jpg,high_residue
train/high_residue/apple_high_residue_19.jpg,high_residue
train/no_pesticide/orange_no_pesticide_00.jpg,no_pesticide
train/no_pesticide/orange_no_pesticide_01.jpg,no_pesticide
train/no_pesticide/orange_no_pesticide_02.jpg,no_pesticide
train/no_pesticide/orange_no_pesticide_03.jpg,no_pesticide
train/no_pesticide/orange_no_pesticide_04.jpg,no_pesticide
train/no_pesticide/orange_no_pesticide_05.jpg,no_pesticide
train/no_pesticide/orange_no_pesticide_06.jpg,no_pesticide
train/no_pesticide/orange_no_pesticide_07.jpg,no_pesticide
train/no_pesticide/orange_no_pesticide_08.jpg,no_pesticide
train/no_pesticide/orange_no_pesticide_09.jpg,no_pesticide
train/no_pesticide/orange_no_pesticide_10.jpg,no_pesticide
train/no_pesticide/orange_no_pesticide_11.jpg,no_pesticide
train/no_pesticide/orange_no_pesticide_12.jpg,no_pesticide
train/no_pesticide/orange_no_pesticide_13.jpg,no_pesticide
train/no_pesticide/orange_no_pesticide_14.jpg,no_pesticide
train/no_pesticide/orange_no_pesticide_15.jpg,no_pesticide
train/no_pesticide/orange_no_pesticide_16.jpg,no_pesticide
train/no_pesticide/orange_no_pesticide_17.jpg,no_pesticide
train/no_pesticide/orange_no_pesticide_18.jpg,no_pesticide
train/no_pesticide/orange_no_pesticide_19.jpg,no_pesticide
train/low_residue/orange_low_residue_00.jpg,low_residue
train/low_residue/orange_low_residue_01.jpg,low_residue
train/low_residue/orange_low_residue_02.jpg,low_residue
train/low_residue/orange_low_residue_03.jpg,low_residue
train/low_residue/orange_low_residue_04.jpg,low_residue
train/low_residue/orange_low_residue_05.jpg,low_residue
train/low_residue/orange_low_residue_06.jpg,low_residue
train/low_residue/orange_low_residue_07.jpg,low_residue
train/low_residue/orange_low_residue_08.jpg,low_residue
train/low_residue/orange_low_residue_09.jpg,low_residue
train/low_residue/orange_low_residue_10.jpg,low_residue
train/low_residue/orange_low_residue_11.jpg,low_residue
train/low_residue/orange_low_residue_12.jpg,low_residue
train/low_residue/orange_low_residue_13.jpg,low_residue
train/low_residue/orange_low_residue_14.jpg,low_residue
train/low_residue/orange_low_residue_15.jpg,low_residue
train/low_residue/orange_low_residue_16.jpg,low_residue
train/low_residue/orange_low_residue_17.jpg,low_residue
train/low_residue/orange_low_residue_18.jpg,low_residue
train/low_residue/orange_low_residue_19.jpg,low_residue
train/medium_residue/orange_medium_residue_00.jpg,medium_residue
train/medium_residue/orange_medium_residue_01.jpg,medium_residue
train/medium_residue/orange_medium_residue_02.jpg,medium_residue
train/medium_residue/orange_medium_residue_03.jpg,medium_residue
train/medium_residue/orange_medium_residue_04.jpg,medium_residue
train/medium_residue/orange_medium_residue_05.jpg,medium_residue
train/medium_residue/orange_medium_residue_06.jpg,medium_residue
train/medium_residue/orange_medium_residue_07.jpg,medium_residue
train/medium_residue/orange_medium_residue_08.jpg,medium_residue
train/medium_residue/orange_medium_residue_09.jpg,medium_residue
train/medium_residue/orange_medium_residue_10.jpg,medium_residue
train/medium_residue/orange_medium_residue_11.jpg,medium_residue
train/medium_residue/orange_medium_residue_12.jpg,medium_residue
train/medium_residue/orange_medium_residue_13.jpg,medium_residue
train/medium_residue/orange_medium_residue_14.jpg,medium_residue
train/medium_residue/orange_medium_residue_15.jpg,medium_residue
train/medium_residue/orange_medium_residue_16.jpg,medium_residue
train/medium_residue/orange_medium_residue_17.jpg,medium_residue
train/medium_residue/orange_medium_residue_18.jpg,medium_residue
train/medium_residue/orange_medium_residue_19.jpg,medium_residue
train/high_residue/orange_high_residue_00.jpg,high_residue
train/high_residue/orange_high_residue_01.jpg,high_residue
train/high_residue/orange_high_residue_02.jpg,high_residue
train/high_residue/orange_high_residue_03.jpg,high_residue
train/high_residue/orange_high_residue_04.jpg,high_residue
train/high_residue/orange_high_residue_05.jpg,high_residue
train/high_residue/orange_high_residue_06.jpg,high_residue
train/high_residue/orange_high_residue_07.jpg,high_residue
train/high_residue/orange_high_residue_08.jpg,high_residue
train/high_residue/orange_high_residue_09.jpg,high_residue
train/high_residue/orange_high_residue_10.jpg,high_residue
train/high_residue/orange_high_residue_11.jpg,high_residue
train/high_residue/orange_high_residue_12.jpg,high_residue
train/high_residue/orange_high_residue_13.jpg,high_residue
train/high_residue/orange_high_residue_14.jpg,high_residue
train/high_residue/orange_high_residue_15.jpg,high_residue
train/high_residue/orange_high_residue_16.jpg,high_residue
train/high_residue/orange_high_residue_17.jpg,high_residue
train/high_residue/orange_high_residue_18.jpg,high_residue
train/high_residue/orange_high_residue_19.jpg,high_residue
train/no_pesticide/banana_no_pesticide_00.jpg,no_pesticide
train/no_pesticide/banana_no_pesticide_01.jpg,no_pesticide
train/no_pesticide/banana_no_pesticide_02.jpg,no_pesticide
train/no_pesticide/banana_no_pesticide_03.jpg,no_pesticide
train/no_pesticide/banana_no_pesticide_04.jpg,no_pesticide
train/no_pesticide/banana_no_pesticide_05.jpg,no_pesticide
train/no_pesticide/banana_no_pesticide_06.jpg,no_pesticide
train/no_pesticide/banana_no_pesticide_07.jpg,no_pesticide
train/no_pesticide/banana_no_pesticide_08.jpg,no_pesticide
train/no_pesticide/banana_no_pesticide_09.jpg,no_pesticide
train/no_pesticide/banana_no_pesticide_10.jpg,no_pesticide
train/no_pesticide/banana_no_pesticide_11.jpg,no_pesticide
train/no_pesticide/banana_no_pesticide_12.jpg,no_pesticide
train/no_pesticide/banana_no_pesticide_13.jpg,no_pesticide
train/no_pesticide/banana_no_pesticide_14.jpg,no_pesticide
train/no_pesticide/banana_no_pesticide_15.jpg,no_pesticide
train/no_pesticide/banana_no_pesticide_16.jpg,no_pesticide
train/no_pesticide/banana_no_pesticide_17.jpg,no_pesticide
train/no_pesticide/banana_no_pesticide_18.jpg,no_pesticide
train/no_pesticide/banana_no_pesticide_19.jpg,no_pesticide
train/low_residue/banana_low_residue_00.jpg,low_residue
train/low_residue/banana_low_residue_01.jpg,low_residue
train/low_residue/banana_low_residue_02.jpg,low_residue
train/low_residue/banana_low_residue_03.jpg,low_residue
train/low_residue/banana_low_residue_04.jpg,low_residue
train/low_residue/banana_low_residue_05.jpg,low_residue
train/low_residue/banana_low_residue_06.jpg,low_residue
train/low_residue/banana_low_residue_07.jpg,low_residue
train/low_residue/banana_low_residue_08.jpg,low_residue
train/low_residue/banana_low_residue_09.jpg,low_residue
train/low_residue/banana_low_residue_10.jpg,low_residue
train/low_residue/banana_low_residue_11.jpg,low_residue
train/low_residue/banana_low_residue_12.jpg,low_residue
train/low_residue/banana_low_residue_13.jpg,low_residue
train/low_residue/banana_low_residue_14.jpg,low_residue
train/low_residue/banana_low_residue_15.jpg,low_residue
train/low_residue/banana_low_residue_16.jpg,low_residue
train/low_residue/banana_low_residue_17.jpg,low_residue
train/low_residue/banana_low_residue_18.jpg,low_residue
train/low_residue/banana_low_residue_19.jpg,low_residue
train/medium_residue/banana_medium_residue_00.jpg,medium_residue
train/medium_residue/banana_medium_residue_01.jpg,medium_residue
train/medium_residue/banana_medium_residue_02.jpg,medium_residue
train/medium_residue/banana_medium_residue_03.jpg,medium_residue
train/medium_residue/banana_medium_residue_04.jpg,medium_residue
train/medium_residue/banana_medium_residue_05.jpg,medium_residue
train/medium_residue/banana_medium_residue_06.jpg,medium_residue
train/medium_residue/banana_medium_residue_07.jpg,medium_residue
train/medium_residue/banana_medium_residue_08.jpg,medium_residue
train/medium_residue/banana_medium_residue_09.jpg,medium_residue
train/medium_residue/banana_medium_residue_10.jpg,medium_residue
train/medium_residue/banana_medium_residue_11.jpg,medium_residue
train/medium_residue/banana_medium_residue_12.jpg,medium_residue
train/medium_residue/banana_medium_residue_13.jpg,medium_residue
train/medium_residue/banana_medium_residue_14.jpg,medium_residue
train/medium_residue/banana_medium_residue_15.jpg,medium_residue
train/medium_residue/banana_medium_residue_16.jpg,medium_residue
train/medium_residue/banana_medium_residue_17.jpg,medium_residue
train/medium_residue/banana_medium_residue_18.jpg,medium_residue
train/medium_residue/banana_medium_residue_19.jpg,medium_residue
train/high_residue/banana_high_residue_00.jpg,high_residue
train/high_residue/banana_high_residue_01.jpg,high_residue
train/high_residue/banana_high_residue_02.jpg,high_residue
train/high_residue/banana_high_residue_03.jpg,high_residue
train/high_residue/banana_high_residue_04.jpg,high_residue
train/high_residue/banana_high_residue_05.jpg,high_residue
train/high_residue/banana_high_residue_06.jpg,high_residue
train/high_residue/banana_high_residue_07.jpg,high_residue
train/high_residue/banana_high_residue_08.jpg,high_residue
train/high_residue/banana_high_residue_09.jpg,high_residue
train/high_residue/banana_high_residue_10.jpg,high_residue
train/high_residue/banana_high_residue_11.jpg,high_residue
train/high_residue/banana_high_residue_12.jpg,high_residue
train/high_residue/banana_high_residue_13.jpg,high_residue
train/high_residue/banana_high_residue_14.jpg,high_residue
train/high_residue/banana_high_residue_15.jpg,high_residue
train/high_residue/banana_high_residue_16.jpg,high_residue
train/high_residue/banana_high_residue_17.jpg,high_residue
train/high_residue/banana_high_residue_18.jpg,high_residue
train/high_residue/banana_high_residue_19.jpg,high_residue
train/no_pesticide/grape_no_pesticide_00.jpg,no_pesticide
train/no_pesticide/grape_no_pesticide_01.jpg,no_pesticide
train/no_pesticide/grape_no_pesticide_02.jpg,no_pesticide
train/no_pesticide/grape_no_pesticide_03.jpg,no_pesticide
train/no_pesticide/grape_no_pesticide_04.jpg,no_pesticide
train/no_pesticide/grape_no_pesticide_05.jpg,no_pesticide
train/no_pesticide/grape_no_pesticide_06.jpg,no_pesticide
train/no_pesticide/grape_no_pesticide_07.jpg,no_pesticide
train/no_pesticide/grape_no_pesticide_08.jpg,no_pesticide
train/no_pesticide/grape_no_pesticide_09.jpg,no_pesticide
train/no_pesticide/grape_no_pesticide_10.jpg,no_pesticide
train/no_pesticide/grape_no_pesticide_11.jpg,no_pesticide
train/no_pesticide/grape_no_pesticide_12.jpg,no_pesticide
train/no_pesticide/grape_no_pesticide_13.jpg,no_pesticide
train/no_pesticide/grape_no_pesticide_14.jpg,no_pesticide
train/no_pesticide/grape_no_pesticide_15.jpg,no_pesticide
train/no_pesticide/grape_no_pesticide_16.jpg,no_pesticide
train/no_pesticide/grape_no_pesticide_17.jpg,no_pesticide
train/no_pesticide/grape_no_pesticide_18.jpg,no_pesticide
train/no_pesticide/grape_no_pesticide_19.jpg,no_pesticide
train/low_residue/grape_low_residue_00.jpg,low_residue
train/low_residue/grape_low_residue_01.jpg,low_residue
train/low_residue/grape_low_residue_02.jpg,low_residue
train/low_residue/grape_low_residue_03.jpg,low_residue
train/low_residue/grape_low_residue_04.jpg,low_residue
train/low_residue/grape_low_residue_05.jpg,low_residue
train/low_residue/grape_low_residue_06.jpg,low_residue
train/low_residue/grape_low_residue_07.jpg,low_residue
train/low_residue/grape_low_residue_08.jpg,low_residue
train/low_residue/grape_low_residue_09.jpg,low_residue
train/low_residue/grape_low_residue_10.jpg,low_residue
train/low_residue/grape_low_residue_11.jpg,low_residue
train/low_residue/grape_low_residue_12.jpg,low_residue
train/low_residue/grape_low_residue_13.jpg,low_residue
train/low_residue/grape_low_residue_14.jpg,low_residue
train/low_residue/grape_low_residue_15.jpg,low_residue
train/low_residue/grape_low_residue_16.jpg,low_residue
train/low_residue/grape_low_residue_17.jpg,low_residue
train/low_residue/grape_low_residue_18.jpg,low_residue
train/low_residue/grape_low_residue_19.jpg,low_residue
train/medium_residue/grape_medium_residue_00.jpg,medium_residue
train/medium_residue/grape_medium_residue_01.jpg,medium_residue
train/medium_residue/grape_medium_residue_02.jpg,medium_residue
train/medium_residue/grape_medium_residue_03.jpg,medium_residue
train/medium_residue/grape_medium_residue_04.jpg,medium_residue
train/medium_residue/grape_medium_residue_05.jpg,medium_residue
train/medium_residue/grape_medium_residue_06.jpg,medium_residue
train/medium_residue/grape_medium_residue_07.jpg,medium_residue
train/medium_residue/grape_medium_residue_08.jpg,medium_residue
train/medium_residue/grape_medium_residue_09.jpg,medium_residue
train/medium_residue/grape_medium_residue_10.jpg,medium_residue
train/medium_residue/grape_medium_residue_11.jpg,medium_residue
train/medium_residue/grape_medium_residue_12.jpg,medium_residue
train/medium_residue/grape_medium_residue_13.jpg,medium_residue
train/medium_residue/grape_medium_residue_14.jpg,medium_residue
train/medium_residue/grape_medium_residue_15.jpg,medium_residue
train/medium_residue/grape_medium_residue_16.jpg,medium_residue
train/medium_residue/grape_medium_residue_17.jpg,medium_residue
train/medium_residue/grape_medium_residue_18.jpg,medium_residue
train/medium_residue/grape_medium_residue_19.jpg,medium_residue
train/high_residue/grape_high_residue_00.jpg,high_residue
train/high_residue/grape_high_residue_01.jpg,high_residue
train/high_residue/grape_high_residue_02.jpg,high_residue
train/high_residue/grape_high_residue_03.jpg,high_residue
train/high_residue/grape_high_residue_04.jpg,high_residue
train/high_residue/grape_high_residue_05.jpg,high_residue
train/high_residue/grape_high_residue_06.jpg,high_residue
train/high_residue/grape_high_residue_07.jpg,high_residue
train/high_residue/grape_high_residue_08.jpg,high_residue
train/high_residue/grape_high_residue_09.jpg,high_residue
train/high_residue/grape_high_residue_10.jpg,high_residue
train/high_residue/grape_high_residue_11.jpg,high_residue
train/high_residue/grape_high_residue_12.jpg,high_residue
train/high_residue/grape_high_residue_13.jpg,high_residue
train/high_residue/grape_high_residue_14.jpg,high_residue
train/high_residue/grape_high_residue_15.jpg,high_residue
train/high_residue/grape_high_residue_16.jpg,high_residue
train/high_residue/grape_high_residue_17.jpg,high_residue
train/high_residue/grape_high_residue_18.jpg,high_residue
train/high_residue/grape_high_residue_19.jpg,high_residue
train/no_pesticide/mango_no_pesticide_00.jpg,no_pesticide
train/no_pesticide/mango_no_pesticide_01.jpg,no_pesticide
train/no_pesticide/mango_no_pesticide_02.jpg,no_pesticide
train/no_pesticide/mango_no_pesticide_03.jpg,no_pesticide
train/no_pesticide/mango_no_pesticide_04.jpg,no_pesticide
train/no_pesticide/mango_no_pesticide_05.jpg,no_pesticide
train/no_pesticide/mango_no_pesticide_06.jpg,no_pesticide
train/no_pesticide/mango_no_pesticide_07.jpg,no_pesticide
train/no_pesticide/mango_no_pesticide_08.jpg,no_pesticide
train/no_pesticide/mango_no_pesticide_09.jpg,no_pesticide
train/no_pesticide/mango_no_pesticide_10.jpg,no_pesticide
train/no_pesticide/mango_no_pesticide_11.jpg,no_pesticide
train/no_pesticide/mango_no_pesticide_12.jpg,no_pesticide
train/no_pesticide/mango_no_pesticide_13.jpg,no_pesticide
train/no_pesticide/mango_no_pesticide_14.jpg,no_pesticide
train/no_pesticide/mango_no_pesticide_15.jpg,no_pesticide
train/no_pesticide/mango_no_pesticide_16.jpg,no_pesticide
train/no_pesticide/mango_no_pesticide_17.jpg,no_pesticide
train/no_pesticide/mango_no_pesticide_18.jpg,no_pesticide
train/no_pesticide/mango_no_pesticide_19.jpg,no_pesticide
train/low_residue/mango_low_residue_00.jpg,low_residue
train/low_residue/mango_low_residue_01.jpg,low_residue
train/low_residue/mango_low_residue_02.jpg,low_residue
train/low_residue/mango_low_residue_03.jpg,low_residue
train/low_residue/mango_low_residue_04.jpg,low_residue
train/low_residue/mango_low_residue_05.jpg,low_residue
train/low_residue/mango_low_residue_06.jpg,low_residue
train/low_residue/mango_low_residue_07.jpg,low_residue
train/low_residue/mango_low_residue_08.jpg,low_residue
train/low_residue/mango_low_residue_09.jpg,low_residue
train/low_residue/mango_low_residue_10.jpg,low_residue
train/low_residue/mango_low_residue_11.jpg,low_residue
train/low_residue/mango_low_residue_12.jpg,low_residue
train/low_residue/mango_low_residue_13.jpg,low_residue
train/low_residue/mango_low_residue_14.jpg,low_residue
train/low_residue/mango_low_residue_15.jpg,low_residue
train/low_residue/mango_low_residue_16.jpg,low_residue
train/low_residue/mango_low_residue_17.jpg,low_residue
train/low_residue/mango_low_residue_18.jpg,low_residue
train/low_residue/mango_low_residue_19.jpg,low_residue
train/medium_residue/mango_medium_residue_00.jpg,medium_residue
train/medium_residue/mango_medium_residue_01.jpg,medium_residue
train/medium_residue/mango_medium_residue_02.jpg,medium_residue
train/medium_residue/mango_medium_residue_03.jpg,medium_residue
train/medium_residue/mango_medium_residue_04.jpg,medium_residue
train/medium_residue/mango_medium_residue_05.jpg,medium_residue
train/medium_residue/mango_medium_residue_06.jpg,medium_residue
train/medium_residue/mango_medium_residue_07.jpg,medium_residue
train/medium_residue/mango_medium_residue_08.jpg,medium_residue
train/medium_residue/mango_medium_residue_09.jpg,medium_residue
train/medium_residue/mango_medium_residue_10.jpg,medium_residue
train/medium_residue/mango_medium_residue_11.jpg,medium_residue
train/medium_residue/mango_medium_residue_12.jpg,medium_residue
train/medium_residue/mango_medium_residue_13.jpg,medium_residue
train/medium_residue/mango_medium_residue_14.jpg,medium_residue
train/medium_residue/mango_medium_residue_15.jpg,medium_residue
train/medium_residue/mango_medium_residue_16.jpg,medium_residue
train/medium_residue/mango_medium_residue_17.jpg,medium_residue
train/medium_residue/mango_medium_residue_18.jpg,medium_residue
train/medium_residue/mango_medium_residue_19.jpg,medium_residue
train/high_residue/mango_high_residue_00.jpg,high_residue
train/high_residue/mango_high_residue_01.jpg,high_residue
train/high_residue/mango_high_residue_02.jpg,high_residue
train/high_residue/mango_high_residue_03.jpg,high_residue
train/high_residue/mango_high_residue_04.jpg,high_residue
train/high_residue/mango_high_residue_05.jpg,high_residue
train/high_residue/mango_high_residue_06.jpg,high_residue
train/high_residue/mango_high_residue_07.jpg,high_residue
train/high_residue/mango_high_residue_08.jpg,high_residue
train/high_residue/mango_high_residue_09.jpg,high_residue
train/high_residue/mango_high_residue_10.jpg,high_residue
train/high_residue/mango_high_residue_11.jpg,high_residue
train/high_residue/mango_high_residue_12.jpg,high_residue
train/high_residue/mango_high_residue_13.jpg,high_residue
train/high_residue/mango_high_residue_14.jpg,high_residue
train/high_residue/mango_high_residue_15.jpg,high_residue
train/high_residue/mango_high_residue_16.jpg,high_residue
train/high_residue/mango_high_residue_17.jpg,high_residue
train/high_residue/mango_high_residue_18.jpg,high_residue
train/high_residue/mango_high_residue_19.jpg,high_residue
